"id","userId","searchDate","cameraCount","reason"
"9e7f5c8a-ba4b-44bc-9b46-889795d8ff52","c2373a46-4390-4b71-99fc-086b9cbef937","2025-06-04 23:35:16.310","689","investigation"
"7a954e93-a3ae-4a0c-b70f-f46bf22682e1","98a65d8a-c993-4067-b67d-123814b4c2df","2025-06-04 23:48:36.649","0","Investigation"
"118b7cad-1166-451c-a447-f71c8dcd4070","fb7d1ae3-db8c-4617-861d-2cf9a117f605","2025-06-05 17:11:05.967","626","fucc"
"4cd0cc17-b623-495e-897c-2c8ddb3c4d69","fb7d1ae3-db8c-4617-861d-2cf9a117f605","2025-06-05 19:05:52.777","626","sex abuse"
"6671cc46-888a-4d15-97a1-b2cd3232e0c0","fb7d1ae3-db8c-4617-861d-2cf9a117f605","2025-06-05 20:16:59.954","626","sex abuse"
"affc72ee-f1ab-434f-8b5d-86fde3304b16","fb7d1ae3-db8c-4617-861d-2cf9a117f605","2025-06-05 21:10:20.727","626","dept of treas"
"cb6defde-0d9a-4570-95a6-c40a1e5b02ff","fb7d1ae3-db8c-4617-861d-2cf9a117f605","2025-06-05 23:00:29.876","626","burg"
"540f8adc-fd6a-47af-8223-2b0dfb9baea3","fb7d1ae3-db8c-4617-861d-2cf9a117f605","2025-06-06 15:25:04.949","626","burg"
"a1464b11-f609-4764-8a07-849e3d9b746a","fb7d1ae3-db8c-4617-861d-2cf9a117f605","2025-06-06 15:31:21.743","626","uuv"
"406430ab-2ab0-4a4a-bc9a-eae273b685f0","fb7d1ae3-db8c-4617-861d-2cf9a117f605","2025-06-06 16:17:59.024","3874","burg"
"67a0cb4a-3b46-49fc-a786-e8419b59ca06","fb7d1ae3-db8c-4617-861d-2cf9a117f605","2025-06-06 16:18:56.277","3874","uuv"
"9d3d0d72-0735-4dfd-bf60-0122c3069508","fb7d1ae3-db8c-4617-861d-2cf9a117f605","2025-06-06 16:53:54.434","3874","Uuv"
"73369a65-3a9b-4aef-a3f8-3c27c9756b09","fb7d1ae3-db8c-4617-861d-2cf9a117f605","2025-06-06 18:27:22.054","3874","fucc"
"9f5b5e1d-b3f9-41ea-98c4-c7046804b35d","fb7d1ae3-db8c-4617-861d-2cf9a117f605","2025-06-09 04:36:23.940","3876","Fucc"
"c022324e-7d53-4ae7-aa51-691519b3a448","fb7d1ae3-db8c-4617-861d-2cf9a117f605","2025-06-09 15:51:57.223","84379","sex abuse"
"bf385820-9b5c-4763-8441-eee1421f459f","fb7d1ae3-db8c-4617-861d-2cf9a117f605","2025-06-09 17:59:26.560","166","reckless driving"
"8da47357-87c1-4428-805f-a8c87b2cb3a4","fb7d1ae3-db8c-4617-861d-2cf9a117f605","2025-06-09 18:01:32.465","3878","reckless driving"
"8fae266b-5014-430e-b284-62668eb9a939","fb7d1ae3-db8c-4617-861d-2cf9a117f605","2025-06-09 22:49:43.967","3878","stolen plate"
"77769c6c-5ecc-4bd1-b21e-d2f1d672094e","fb7d1ae3-db8c-4617-861d-2cf9a117f605","2025-06-09 23:51:30.338","3878","sex abuse"
"58cb97dd-49b6-4d84-a85a-9992298b187a","c2373a46-4390-4b71-99fc-086b9cbef937","2025-06-10 21:38:02.753","3962","Investigation"
"52dd0f5f-5f6c-441d-8893-eeefbd1bd621","98a65d8a-c993-4067-b67d-123814b4c2df","2025-06-11 08:17:39.408","0","stolen"
"6a5665d9-8020-4167-995e-1a69acaacfb9","c2373a46-4390-4b71-99fc-086b9cbef937","2025-06-11 17:02:23.785","3962","Investigation"
"a7b51659-c3c7-4683-8e30-8b5350f3a4dc","fb7d1ae3-db8c-4617-861d-2cf9a117f605","2025-06-11 19:44:53.799","3880","stabbing"
"648899ff-723c-43b1-a462-411843a0a183","fb7d1ae3-db8c-4617-861d-2cf9a117f605","2025-06-11 20:08:41.379","3880","stabbing"
"ea295634-29e0-41ef-ac9f-7bf440c91541","fbfa025f-202c-4c60-ae95-9396fc290dd5","2025-06-11 23:45:58.493","3880","rape"
"2506875d-54bc-41c4-99cd-b5085c681f9e","fbfa025f-202c-4c60-ae95-9396fc290dd5","2025-06-11 23:48:24.470","3880","test"
"7f7f6479-3a81-4899-99bc-87c0323b6c57","fb7d1ae3-db8c-4617-861d-2cf9a117f605","2025-06-16 14:32:15.518","3882","uuv"
"fdf68e18-cae0-4f6c-a579-ecbcc7789309","fb7d1ae3-db8c-4617-861d-2cf9a117f605","2025-06-16 15:39:57.259","151","theft"
"11e172b2-bbe8-4afa-ba3d-f836ab1fb220","fb7d1ae3-db8c-4617-861d-2cf9a117f605","2025-06-16 17:40:44.496","3882","uuv"
"9fca1c7c-ca0a-4409-baf9-b5c1e412f7ad","fb7d1ae3-db8c-4617-861d-2cf9a117f605","2025-06-17 15:43:47.992","3871","uuv"
"176ed0cc-5893-46d5-9a78-b4b37a1a95bf","fb7d1ae3-db8c-4617-861d-2cf9a117f605","2025-06-17 16:16:06.693","3871","officer safety"
"a96b2e8c-113b-4164-a686-61b6948fa54a","5099fed4-b7f7-40de-b64e-73b9aa096b84","2025-06-17 16:23:36.699","3871","officer safety"
"fdb8f71d-c2ea-4d00-9bd6-8fd3230a5761","5099fed4-b7f7-40de-b64e-73b9aa096b84","2025-06-17 17:17:24.790","3871","officer safety"
"70d554fb-e00b-4a2d-82cd-3a2dc69d2fd7","d6f7ed99-b681-4ed0-b468-5b0c109603c9","2025-06-17 18:13:42.745","30","ofcr saf"
"2e4e7de7-ec81-456a-bcc1-fe32ccb62025","d6f7ed99-b681-4ed0-b468-5b0c109603c9","2025-06-17 18:14:12.215","3871","ofcr safety"
"433047f1-59b6-4030-9432-96a4931833c2","5099fed4-b7f7-40de-b64e-73b9aa096b84","2025-06-18 14:18:36.330","3873","stolen car"
"af512dfb-969d-463f-bb68-4a930b92ec3c","5099fed4-b7f7-40de-b64e-73b9aa096b84","2025-06-18 15:26:43.073","3873","stolen car"
"8ea4019c-fdaf-43fe-afd9-d1f1da5ddbe4","fb7d1ae3-db8c-4617-861d-2cf9a117f605","2025-06-18 16:27:58.007","85080","sex abuse"
"e38f543a-41da-442e-8ddf-74a1ab885f9c","5099fed4-b7f7-40de-b64e-73b9aa096b84","2025-06-18 17:10:46.838","3873","stolen car"
"72c12484-ae1e-4624-85c0-588d317d4890","44e5ae6a-0939-4121-ae65-ff231ab15309","2025-06-18 18:31:55.532","0","UUV"
"8a313094-05b2-4a48-a577-b127fb96f5e9","44e5ae6a-0939-4121-ae65-ff231ab15309","2025-06-18 18:34:38.690","3873","uuv"
"cd359d18-5784-431c-b0e3-336479bbb9cd","44e5ae6a-0939-4121-ae65-ff231ab15309","2025-06-18 18:48:08.222","3873","Daytime search for best result"
"d767b8cd-ae94-43f5-a9bf-a1890f25184e","0759d13b-53e7-44e9-bc65-53346efac45c","2025-06-18 19:35:56.988","3875","uuv"
"87b3efb4-08f5-411b-95d7-51822b9673b8","0759d13b-53e7-44e9-bc65-53346efac45c","2025-06-18 19:39:47.276","3875","Daytime search for best result"
"95587639-af0e-441b-a6ca-c36bfe239440","5099fed4-b7f7-40de-b64e-73b9aa096b84","2025-06-18 19:56:40.669","3875","stolen car"
"aa8339b9-c6ff-447b-91c2-ec6e593b76a0","44e5ae6a-0939-4121-ae65-ff231ab15309","2025-06-18 20:33:50.748","3877","UUV"
"d29e7914-f37a-46b0-b925-7bad720403f1","5099fed4-b7f7-40de-b64e-73b9aa096b84","2025-06-18 20:51:35.183","3877","stolen car"
"73358473-6d42-4c6e-9781-36befb8c01a4","5099fed4-b7f7-40de-b64e-73b9aa096b84","2025-06-18 22:07:12.018","3878","stolen car"
"11d1f55b-b929-4a93-8321-d00811c689ab","fb7d1ae3-db8c-4617-861d-2cf9a117f605","2025-06-18 22:22:06.960","3878","Uuv"
"1ad46919-c2b8-4758-9e9a-55c496f59df2","865aaa25-37fd-44f2-8f3d-19f07c199275","2025-06-19 15:53:04.399","3880","stolen vehicle"
"42a67fa4-ae87-45d3-a1e6-045c663aaa0d","865aaa25-37fd-44f2-8f3d-19f07c199275","2025-06-19 17:13:14.384","3884","stolen vehicle"
"ac71bbe8-72be-4831-9278-69c99e5b92c4","865aaa25-37fd-44f2-8f3d-19f07c199275","2025-06-19 20:05:33.393","0","stolen vehicle"
"b0e49021-e782-44e1-bf76-12812476e834","01b52c2e-4688-4795-99d0-73acf2527701","2025-06-20 20:54:53.960","0","25154601"
"d744072b-1bff-46eb-ad01-29c27abf07f8","01b52c2e-4688-4795-99d0-73acf2527701","2025-06-20 20:56:47.818","0","25151671"
"8d6cc21e-0e5d-46de-9ac7-e4dc7bc496f9","01b52c2e-4688-4795-99d0-73acf2527701","2025-06-20 20:57:00.294","0","safe info"
"8e3d3176-6f80-48b1-8fcb-62b7e5c7bba3","01b52c2e-4688-4795-99d0-73acf2527701","2025-06-20 20:57:57.372","0","atl"
"4066052f-fe96-4bcb-aee4-2b3ae873610c","5099fed4-b7f7-40de-b64e-73b9aa096b84","2025-06-22 17:22:48.352","3900","missing person"
"2a13d9cc-c351-4039-82c6-8c3050ac81a8","fb7d1ae3-db8c-4617-861d-2cf9a117f605","2025-06-25 01:47:56.586","3881","Atm theft"
"b1cb0e1a-04b3-435a-a4da-2c62de8f62cf","fb7d1ae3-db8c-4617-861d-2cf9a117f605","2025-06-27 15:21:35.262","3893","fucc"
"dc3e3cbf-61d8-4ee0-8092-3ceb03581a38","fb7d1ae3-db8c-4617-861d-2cf9a117f605","2025-06-27 23:35:16.798","116","fucc"
"21982ef7-d6ee-4c85-9063-9d53c1dec20c","ab73a004-3694-4797-b288-e59569aa831e","2025-06-29 05:30:10.575","87296","Stolen vehicle"
"7f44f9f1-42c5-4077-923d-5292ede3ff13","01b52c2e-4688-4795-99d0-73acf2527701","2025-06-29 19:07:22.513","0","uuv"
"5fd14f91-53d6-406e-aa7a-215bf5e42a27","01b52c2e-4688-4795-99d0-73acf2527701","2025-06-29 19:07:55.564","0","stolen vehicle"
"86c799fa-e113-4992-bbad-ab358d3e1a0a","865aaa25-37fd-44f2-8f3d-19f07c199275","2025-06-29 19:10:25.102","0","stolen vehicle"
"b0dde9a7-ddcc-4817-a320-683f367e04bb","865aaa25-37fd-44f2-8f3d-19f07c199275","2025-06-29 19:14:55.364","3894","stolen veh"
"0d68a95c-be72-4311-9c36-c1aef595319e","01b52c2e-4688-4795-99d0-73acf2527701","2025-06-29 19:35:16.624","3894","uuv 2504317"
"dcca9911-aa29-4880-a7db-6f0844e362e7","01b52c2e-4688-4795-99d0-73acf2527701","2025-06-29 19:38:03.566","3894","flock test usage"
"20c0c4be-d012-4880-912c-f2dd5a25e0aa","fb7d1ae3-db8c-4617-861d-2cf9a117f605","2025-06-29 22:00:24.566","3894","Uuv"
"50a7412e-80b0-4cbf-a1cd-fce8b76edf5c","60e012f5-7340-49d4-aa4e-6a68be107dcf","2025-06-30 12:12:36.229","3894","2504317"
"9aeb10e7-d598-434c-9dc4-9b1f07b022e7","60e012f5-7340-49d4-aa4e-6a68be107dcf","2025-06-30 12:13:04.468","3894","officer safety"
"fc7d8a7e-da8f-4ea1-8d44-5acbdc1a7972","60e012f5-7340-49d4-aa4e-6a68be107dcf","2025-07-01 07:15:29.966","3899","flock test"
"df4a5d2e-b952-4408-9bf9-caf63a865f9d","bd053b0f-af8c-4cf8-9cd5-f906b5bceffd","2025-07-01 07:19:44.580","3899","FLOCK TEST"
"ea15d7b4-3ec0-4d3d-b361-e44c5c784f22","fb7d1ae3-db8c-4617-861d-2cf9a117f605","2025-07-02 15:44:01.772","118","fucc"
"460543ea-4cf9-425e-9e90-55f182e28eeb","fb7d1ae3-db8c-4617-861d-2cf9a117f605","2025-07-02 16:04:10.147","3904","fucc"
"47f5c30a-17d1-424c-9666-948064d33fd0","fb7d1ae3-db8c-4617-861d-2cf9a117f605","2025-07-02 17:07:04.929","3904","harassment"
"f20e205e-bed2-4254-a314-1cf6566e1e84","5099fed4-b7f7-40de-b64e-73b9aa096b84","2025-07-03 15:20:22.133","3904","MISSING PERSON"
"71e6a4ec-11be-46ab-ae1d-b98cdd8925d6","5099fed4-b7f7-40de-b64e-73b9aa096b84","2025-07-03 16:14:23.401","3904","MISSING PERSON"
"ea3016d2-ec86-4304-b5a6-4386ccd63221","fb7d1ae3-db8c-4617-861d-2cf9a117f605","2025-07-03 20:18:22.797","3904","DA Investigator"
"d2566d5e-8ebd-4ce0-9132-ed1498aa6f8c","fbfa025f-202c-4c60-ae95-9396fc290dd5","2025-07-30 01:11:01.610",4004,"Test"
"2d289069-b7da-4d28-bc40-9ad5eb3f1611","6d2d86c1-2a38-4fa2-ace4-f91f1c6b8b57","2025-07-30 07:09:11.728",4004,"stolen car"
"1caaf087-9ec0-4f7c-9f8e-943ccc4a7c99","65e0d73f-b28f-4340-9e12-36a28757d541","2025-07-30 14:15:26.034",84385,"assault"
"05449398-5d6c-41d6-8fa0-15ee7754bede","8eca698f-3008-4022-ae08-06999f3a349a","2025-08-01 15:40:26.301",4004,"Missing Person"
"8e2a748a-253a-4507-8fd8-b71d0692c883","01b52c2e-4688-4795-99d0-73acf2527701","2025-08-02 13:50:59.045",4007,"uuv"
"19a55946-31bb-4bdd-b7c6-3889f2eb1657","dd5359fa-ec3a-4655-9dfa-39e6335223fc","2025-08-02 14:40:15.752",4007,"stolen veh"
"14b255c7-931e-40f3-afe0-5de1ff403b79","5099fed4-b7f7-40de-b64e-73b9aa096b84","2025-08-02 17:43:16.249",4007,"stlen"
"55e347a4-b253-4434-a421-e4af578b6f3f","5099fed4-b7f7-40de-b64e-73b9aa096b84","2025-08-02 17:45:10.543",4007,"STOLEN"
"8477a568-6e5b-4483-84ae-91b33c680152","5099fed4-b7f7-40de-b64e-73b9aa096b84","2025-08-02 19:29:36.559",4007,"STOLEN"
"a3436267-830f-4a20-8633-fb643229ef27","fbfa025f-202c-4c60-ae95-9396fc290dd5","2025-08-04 21:16:08.374",0,"case"
"bf36a4ad-770d-4384-a346-02dbacd6e34d","fb7d1ae3-db8c-4617-861d-2cf9a117f605","2025-08-05 16:43:06.945",4012,"uuv"
"e3ec4065-b03e-49ee-a93a-b90cbc839574","f676770a-dae8-4a20-babd-c75f9e7cd427","2025-08-06 17:36:35.293",4014,"Stolen"
"00e3b0a9-6448-4261-8995-3e926f313655","865aaa25-37fd-44f2-8f3d-19f07c199275","2025-08-06 17:55:54.623",4014,"stolen veh"
"071b5b38-aca3-47c3-a595-c826d2afbd49","f676770a-dae8-4a20-babd-c75f9e7cd427","2025-08-06 20:26:18.283",85555,"STOLEN VEHICLE"
"75c79f69-a30a-4fe3-aeb3-03acec8b7451","f676770a-dae8-4a20-babd-c75f9e7cd427","2025-08-06 20:29:42.367",85556,"SUSPECT VEHICLE"
"d1a77e41-9b5c-4b9a-921f-d2b99124529e","f676770a-dae8-4a20-babd-c75f9e7cd427","2025-08-06 23:06:32.476",85585,"SUSPECT VEHICLE"
"8d467a87-2064-4876-a56e-c072d8aa45ce","fb7d1ae3-db8c-4617-861d-2cf9a117f605","2025-08-06 23:42:07.109",85586,"rob1"
"13ed50a6-699f-47a0-85d3-800fccd60a34","65e0d73f-b28f-4340-9e12-36a28757d541","2025-08-07 00:15:48.704",4120,"theft of license plate"
"d025b31e-b07b-4d71-beef-1de81f0e400a","17ab8242-d52a-4131-8b9e-ed8d3174a99c","2025-08-07 15:06:30.811",0,"Rape"
"65216263-8d2c-4bbf-9e5e-926f59a49841","17ab8242-d52a-4131-8b9e-ed8d3174a99c","2025-08-07 15:07:53.446",4022,"rape"
"0f5bceaf-690e-41ab-b62c-6bfe49a3594f","17ab8242-d52a-4131-8b9e-ed8d3174a99c","2025-08-07 16:05:40.459",4024,"rape"
"ee9aff7f-ad44-493f-88de-e85bc5d20b4f","fb7d1ae3-db8c-4617-861d-2cf9a117f605","2025-08-07 17:22:47.682",4026,"uuv"
"27647658-5bd7-4a6b-b45b-a16c0f5cf47e","fb7d1ae3-db8c-4617-861d-2cf9a117f605","2025-08-07 18:28:22.469",4026,"burg"
"784d1134-394a-4625-b431-79cf009fc8d5","fb7d1ae3-db8c-4617-861d-2cf9a117f605","2025-08-07 19:18:57.040",4026,"rape"
"196f9dde-9173-452d-8ed2-583e1f1e750e","8eca698f-3008-4022-ae08-06999f3a349a","2025-08-07 20:19:45.743",4026,"Rape"
"30386e1c-02f3-48e4-b84a-07fa9ffe057c","17ab8242-d52a-4131-8b9e-ed8d3174a99c","2025-08-07 20:20:09.568",4026,"Rape"
"60a151f8-b215-4717-ae32-9770c17018ba","8eca698f-3008-4022-ae08-06999f3a349a","2025-08-07 21:15:52.804",4028,"Rape"
"279044b7-a6e4-40d2-859b-685902c3787e","fb7d1ae3-db8c-4617-861d-2cf9a117f605","2025-08-07 21:38:04.033",4028,"rape"
"a265b6ca-b4e4-424e-ac52-81d1dc6b978e","fb7d1ae3-db8c-4617-861d-2cf9a117f605","2025-08-07 22:54:51.390",85823,"rape"
"d1afd7f5-88c9-4649-a39d-51f351ac3ec6","65e0d73f-b28f-4340-9e12-36a28757d541","2025-08-07 23:55:13.530",136,"theft"
"cbb636d6-36d5-4fa0-943e-a7076321313e","17ab8242-d52a-4131-8b9e-ed8d3174a99c","2025-08-08 00:55:42.819",4028,"rape"
"989a0968-a407-4100-be3f-1f74491f008f","f676770a-dae8-4a20-babd-c75f9e7cd427","2025-08-08 06:58:27.943",85832,"SUSPECT VEHICLE"
"4ebc7753-4289-45a5-80e0-94be0a1fff7b","f676770a-dae8-4a20-babd-c75f9e7cd427","2025-08-08 06:59:05.768",4028,"suspect"
"cd21769a-921d-4495-8ede-746c395ad910","f676770a-dae8-4a20-babd-c75f9e7cd427","2025-08-08 07:00:05.315",85832,"suspect"
"2143d48a-cd6b-46c1-bb5b-29892d05210d","f676770a-dae8-4a20-babd-c75f9e7cd427","2025-08-08 07:04:30.888",4028,"elude"
"3ae76de3-8bc1-4e10-be2a-dc7ba0825aa8","a4c34cb7-c99b-49c6-bbf1-e2fbfc9efcd7","2025-08-08 08:25:23.894",4028,"ELUDE"
"8e2d3350-0570-42a0-83bd-e9fcf9d7594a","f676770a-dae8-4a20-babd-c75f9e7cd427","2025-08-08 08:37:47.098",4028,"elude"
"648e8d89-150b-41cc-a7dc-7f0544eea5c4","f676770a-dae8-4a20-babd-c75f9e7cd427","2025-08-08 08:40:11.713",85832,"stolen"
"5a00619d-4083-404d-bbbb-04cc818f1a3b","f676770a-dae8-4a20-babd-c75f9e7cd427","2025-08-08 09:00:00.490",0,"stolen"
"77006d98-bf30-4366-9bd0-1d95cb62e4a8","f676770a-dae8-4a20-babd-c75f9e7cd427","2025-08-08 09:01:22.094",85832,"SUSPECT VEHICLE"
"5717d89e-cdf9-4402-be04-68ac49f9ef2f","6d2d86c1-2a38-4fa2-ace4-f91f1c6b8b57","2025-08-09 06:12:06.134",4027,"stolen vehicle"
"09ac8142-875f-41a2-a083-027c1cc39c43","fb7d1ae3-db8c-4617-861d-2cf9a117f605","2025-08-09 06:23:40.394",4027,"Theft"
"f34514c0-a4ff-43b5-bb32-7ad769289568","0e8ecca7-b160-48c7-a4b5-40e903392e23","2025-08-09 17:00:15.835",4027,"ATL Vehicle"
"7a9f4619-b819-46fa-ae00-757b06a32183","0e8ecca7-b160-48c7-a4b5-40e903392e23","2025-08-09 17:16:48.065",4027,"OPEN ATL"
"c3458120-264a-463e-8439-4fe14e9cabbd","162b0343-b201-4005-b31c-0555bcc14d1c","2025-08-10 03:58:17.370",85962,"stolen vehicle"
"efb4c0ee-ba57-4b0f-9862-d9c1f77d54f8","162b0343-b201-4005-b31c-0555bcc14d1c","2025-08-10 05:04:29.434",85962,"Shooting suspect"
"0d795ec5-e035-4dd2-8024-83743d98888c","162b0343-b201-4005-b31c-0555bcc14d1c","2025-08-10 07:03:41.636",4027,"shooting suspect"
"95d1306f-f8f3-4d39-9f42-08353b4eab3c","162b0343-b201-4005-b31c-0555bcc14d1c","2025-08-10 07:37:51.238",85962,"Stolen Vehicle"
"79b07429-2750-4076-89f3-7187237adf69","162b0343-b201-4005-b31c-0555bcc14d1c","2025-08-10 10:39:36.120",85962,"UUV"
"bd9414af-160a-4fd2-8c5b-64c730a737b8","fc8596ff-2949-4b4b-bb52-87aa9a1bd0e6","2025-08-10 14:06:54.703",4027,"stolen"
"290cbb7d-858f-4f2a-a4a0-745c4e2575a2","fc8596ff-2949-4b4b-bb52-87aa9a1bd0e6","2025-08-10 16:45:37.143",4027,"stolen"
"ba8f8729-bb79-416b-9963-9fa9b23f411c","0e8ecca7-b160-48c7-a4b5-40e903392e23","2025-08-10 19:15:10.788",4027,"ACTIVE ATL"
"323e0aeb-ae44-4dd3-9360-cf1686c848d2","0e8ecca7-b160-48c7-a4b5-40e903392e23","2025-08-10 19:17:07.829",4027,"ACTIVE A"
"1fc02cd1-33a6-4d14-a113-cfe02cba8293","162b0343-b201-4005-b31c-0555bcc14d1c","2025-08-11 00:37:51.831",85965,"STOLEN VEHICLE"
"1b4b0575-d98a-4909-b389-a6188c57ef74","162b0343-b201-4005-b31c-0555bcc14d1c","2025-08-11 09:51:47.145",85965,"STOLEN VEHICLE"
"0728bc68-90bd-412d-a351-4e44bd43fe69","fc8596ff-2949-4b4b-bb52-87aa9a1bd0e6","2025-08-11 15:27:11.339",4027,"stolen"
"f8190ed6-235f-479b-87ef-78e2a655b8fa","65e0d73f-b28f-4340-9e12-36a28757d541","2025-08-11 15:42:52.871",4125,"theft"
"73273ca1-245a-42a3-993e-f8d15aaeae64","92811fe2-772c-485e-b009-c0349817e9e9","2025-08-11 15:54:16.231",4027,"Stolen Vehicle"
"56a5e9d3-ffce-41e6-8a6f-8cdc7cc058fe","65e0d73f-b28f-4340-9e12-36a28757d541","2025-08-11 16:01:32.388",135,"theft"
"59c489b4-d7c0-4b07-80e4-c24109ac1336","65e0d73f-b28f-4340-9e12-36a28757d541","2025-08-11 18:18:39.329",4027,"theft"
"a79d7f34-6364-4f6d-ae9d-ca80c0d445c4","fc8596ff-2949-4b4b-bb52-87aa9a1bd0e6","2025-08-11 18:46:19.594",4027,"25-5236"
"9986401c-0767-4065-b9f9-f8763faa41d2","65e0d73f-b28f-4340-9e12-36a28757d541","2025-08-11 22:50:28.918",26,"theft"
"f9cbb0af-56b1-4ff8-9a9e-f8d055aafbed","65e0d73f-b28f-4340-9e12-36a28757d541","2025-08-11 23:00:00.359",26,"theft"
"5827e7e4-9509-4181-b180-b4ebdc54cbf1","92811fe2-772c-485e-b009-c0349817e9e9","2025-08-12 01:19:12.579",86032,"Stolen Vehicle"
"2793d112-9c3e-4a37-a236-81f2ef5347b5","65e0d73f-b28f-4340-9e12-36a28757d541","2025-08-12 20:09:03.710",4029,"theft"
"670cf3eb-2c6f-44c3-86dd-11fecb8540e6","65e0d73f-b28f-4340-9e12-36a28757d541","2025-08-12 21:02:06.096",4029,"theft"
"4e701f20-ecbd-416c-aa33-989f5c301248","92811fe2-772c-485e-b009-c0349817e9e9","2025-08-12 22:17:07.640",4127,"UUV"
"dc46c14f-0efd-4ceb-afed-26270bfd8178","65e0d73f-b28f-4340-9e12-36a28757d541","2025-08-12 22:29:32.545",4029,"theft"
"d37d67f4-b656-4d29-8d8e-20f0a00ca966","65e0d73f-b28f-4340-9e12-36a28757d541","2025-08-12 23:24:44.942",4029,"theft"
"75326fc0-72f6-434e-bfa9-78de7ee2cefe","390c34fc-169a-4122-b91c-e183fa1de770","2025-08-12 23:26:06.631",4029,"uuv"
"0f44a3dc-1bff-406a-bbee-6eb99d232961","92811fe2-772c-485e-b009-c0349817e9e9","2025-08-12 23:32:33.225",4127,"UUV"
"38c58f98-a4f0-4a22-bcf2-bd966fae82cc","65e0d73f-b28f-4340-9e12-36a28757d541","2025-08-13 00:00:04.848",4029,"theft"
"740287bd-688e-4331-8557-63ca35dd790b","08384b86-8d8c-40d4-9fec-f92a43633693","2025-08-13 16:45:13.465",0,"Theft"
"683e649f-1091-4c83-a354-111ac415d823","fb7d1ae3-db8c-4617-861d-2cf9a117f605","2025-08-13 16:52:25.027",187,"elude"
"68538b4d-bbce-43cc-9e61-654aca02faab","fc8596ff-2949-4b4b-bb52-87aa9a1bd0e6","2025-08-13 16:54:38.576",4029,"25-5385"
"9c6dc741-1226-4e48-84ac-c52a96656dae","08384b86-8d8c-40d4-9fec-f92a43633693","2025-08-13 17:07:45.712",4029,"theft"
"c03b37bb-7617-4091-8252-6be0037e503e","fb7d1ae3-db8c-4617-861d-2cf9a117f605","2025-08-13 17:23:00.836",155,"elude"
"7f24d739-8c0b-438b-9176-c3258a2637b5","fb7d1ae3-db8c-4617-861d-2cf9a117f605","2025-08-13 18:00:54.898",4029,"elude"
"6a3097c3-2e5c-45f4-b3a0-08fc3286919d","fb7d1ae3-db8c-4617-861d-2cf9a117f605","2025-08-13 18:24:32.587",4029,"theft"
"93c8a8eb-573f-4b40-b20d-1d2f65e057c6","fb7d1ae3-db8c-4617-861d-2cf9a117f605","2025-08-13 19:20:26.453",4029,"susp cond"
"a1cea377-61b7-4f2e-b4f1-a133141523c2","01b52c2e-4688-4795-99d0-73acf2527701","2025-08-13 20:21:45.814",4029,"2505390"
"80ba5774-d04a-4d9c-90ca-b7455bd51f81","fb7d1ae3-db8c-4617-861d-2cf9a117f605","2025-08-13 21:45:05.507",4029,"elude"
"084c272d-8992-4f96-b18a-fd6f062973c5","fb7d1ae3-db8c-4617-861d-2cf9a117f605","2025-08-13 22:00:01.801",4029,"elude"
"53c44430-644f-438a-8ae5-d5c38753b135","65e0d73f-b28f-4340-9e12-36a28757d541","2025-08-14 16:44:42.620",4029,"theft"
"b22a6eae-c4c5-4e58-97f6-d5a373f1d7bf","fb7d1ae3-db8c-4617-861d-2cf9a117f605","2025-08-14 20:02:53.636",86768,"da invest req"
"64237d9d-6c6c-44da-87ef-dc922fec5ab7","65e0d73f-b28f-4340-9e12-36a28757d541","2025-08-14 23:00:51.441",150,"theft"
"a04209d0-213f-499b-af79-b99a935b905a","fb7d1ae3-db8c-4617-861d-2cf9a117f605","2025-08-14 23:20:57.359",86799,"theft"
"31adcffc-5cf3-41cd-85f2-3dc49d3812f6","65e0d73f-b28f-4340-9e12-36a28757d541","2025-08-15 00:14:33.768",4029,"theft"
"e36a9941-45fd-4b06-968c-2efb5d47ab01","4f0ea4ac-825f-4bc2-acb1-f22585a5e829","2025-08-15 01:22:33.945",4029,"theft"
"300bf6bb-bd02-4a10-9d61-108d78c85ed8","f676770a-dae8-4a20-babd-c75f9e7cd427","2025-08-15 01:23:51.321",4029,"SUSPECT VEHICLE"
"2db4d22b-4d5e-4417-b04f-b60bf6e14787","fb7d1ae3-db8c-4617-861d-2cf9a117f605","2025-08-15 01:40:32.835",4029,"Theft"
"eea5d5c7-df96-49a2-8336-7016bfa11033","fb7d1ae3-db8c-4617-861d-2cf9a117f605","2025-08-15 14:26:00.897",86832,"theft"
"180643df-99a6-49cb-ae8d-f6c8fbfdf67b","08384b86-8d8c-40d4-9fec-f92a43633693","2025-08-15 15:31:04.602",4029,"theft"
"42611678-950e-42a8-b7c0-fec9b9abf804","5099fed4-b7f7-40de-b64e-73b9aa096b84","2025-08-15 20:12:31.268",4029,"stolen"
"dfd11572-2d13-4bc2-b66f-e94cdf74774c","fb7d1ae3-db8c-4617-861d-2cf9a117f605","2025-08-15 21:40:25.323",4029,"Theft"
"bcd69dc0-e504-4d95-965d-01b922e08982","6d2d86c1-2a38-4fa2-ace4-f91f1c6b8b57","2025-08-16 05:33:07.668",4029,"stolen"
"e4c62a0f-af1f-4883-a16a-bf93de970c28","6d2d86c1-2a38-4fa2-ace4-f91f1c6b8b57","2025-08-16 06:12:40.305",4029,"stolen"
"6c2b0e6a-557f-4243-a9e9-6eec1b5e3de8","f676770a-dae8-4a20-babd-c75f9e7cd427","2025-08-16 08:17:28.745",4029,"suspect"
"babdd685-6cb7-4e5c-8296-b6a6aa9bcb75","fc8596ff-2949-4b4b-bb52-87aa9a1bd0e6","2025-08-16 14:26:12.120",4029,"2505236"
"2308a562-fe81-4c3e-aad6-83e7af2a5bc9","fc8596ff-2949-4b4b-bb52-87aa9a1bd0e6","2025-08-16 15:24:16.390",4029,"stolen"
"9f041b23-8182-4d73-9631-bf2b556c67f0","fc8596ff-2949-4b4b-bb52-87aa9a1bd0e6","2025-08-16 15:42:54.650",4030,"25208447"
"5e0faac5-6371-4002-8b69-680cf86cbfc8","f676770a-dae8-4a20-babd-c75f9e7cd427","2025-08-17 02:57:20.871",86903,"suspect"
"dc3804ff-8d31-4bc9-b5cf-e4d7f4f615f0","f676770a-dae8-4a20-babd-c75f9e7cd427","2025-08-17 05:39:31.998",86903,"suspect"
"f07853c0-a794-434b-b02b-92d6c4285a69","f676770a-dae8-4a20-babd-c75f9e7cd427","2025-08-17 08:34:22.182",86903,"suspect"
"cca81f8e-e0b5-445d-afc0-dbefaa044bc5","dd5359fa-ec3a-4655-9dfa-39e6335223fc","2025-08-17 11:13:04.664",4040,"stolen vehicle"
"9b6d58cd-d51c-4f37-ba8d-29ab545085a1","efdce85f-2c0c-498a-b488-254717765ed8","2025-08-17 11:13:12.661",4040,"stolen vehicle"
"3463b87f-e6d7-40a4-9c9b-acb83590331d","f676770a-dae8-4a20-babd-c75f9e7cd427","2025-08-17 11:14:55.125",86903,"suspect"
"08773f00-18e7-4446-adb0-d090bafcca10","dd5359fa-ec3a-4655-9dfa-39e6335223fc","2025-08-17 14:09:07.206",4040,"stolen vehicle"
"5ad162fa-355d-411a-a4e0-b533a7a95da5","dd5359fa-ec3a-4655-9dfa-39e6335223fc","2025-08-17 14:09:46.022",4040,"unsigned stolen"
"da0f0e5a-aa7e-4ce7-b6b0-4fb67b35fed0","cf20f9c8-a941-45d6-9b26-2e06938f66f6","2025-08-17 16:15:32.805",4040,"investigative"
"d8aa8c32-2d1a-4081-a490-1028c25acee0","cf20f9c8-a941-45d6-9b26-2e06938f66f6","2025-08-17 17:06:57.413",4040,"investigative"
"baa944eb-9ec8-4ee6-b285-50dc526baa93","154e5978-8ec6-4f0d-99c3-4582997c91bb","2025-08-18 10:01:24.878",86907,"Stolen vehicle"
"8d454930-96df-4315-8f7b-ae968c064571","154e5978-8ec6-4f0d-99c3-4582997c91bb","2025-08-18 10:12:40.709",86907,"test"
"4fa9c61c-6520-4703-95cb-d5b7bf829a3b","154e5978-8ec6-4f0d-99c3-4582997c91bb","2025-08-18 10:14:30.588",86907,"stolen vehicle"
"2cdfef40-d399-4d7e-8f59-8c37bbf761fd","65e0d73f-b28f-4340-9e12-36a28757d541","2025-08-18 16:02:19.738",4044,"theft"
"5e5cf652-c65b-46bb-9251-65bb6d56b1b4","fc8596ff-2949-4b4b-bb52-87aa9a1bd0e6","2025-08-18 16:22:33.702",4044,"THEFT"
"dda9fb78-55cf-4140-802d-d34f05c43fbb","fb7d1ae3-db8c-4617-861d-2cf9a117f605","2025-08-18 17:06:02.448",4044,"Theft"
"f361e826-38a0-4e44-a332-3b8e0652e544","65e0d73f-b28f-4340-9e12-36a28757d541","2025-08-18 17:27:55.977",4044,"theft"
"c01fe762-d6a8-4c7e-a3fe-971c8735329f","0e8ecca7-b160-48c7-a4b5-40e903392e23","2025-08-18 18:30:43.522",4044,"ACTIVR ATL"
"645d87fb-f587-463b-a614-b5456e795024","fc8596ff-2949-4b4b-bb52-87aa9a1bd0e6","2025-08-18 18:35:39.622",4044,"25203826"
"a1906df5-03f3-4367-bf7f-51061cf568a6","dd5359fa-ec3a-4655-9dfa-39e6335223fc","2025-08-18 18:42:22.762",4142,"investigative"
"54d685b2-2af1-438c-939e-3abe50dd3cd3","fb7d1ae3-db8c-4617-861d-2cf9a117f605","2025-08-18 19:06:47.509",4044,"ort"
"c9145e00-9109-4e51-8bab-6d3d4d41be7e","dd5359fa-ec3a-4655-9dfa-39e6335223fc","2025-08-18 19:28:03.145",4044,"investigative"
"ed2290bc-4456-408e-a597-284c1ae5ec00","fc8596ff-2949-4b4b-bb52-87aa9a1bd0e6","2025-08-18 19:31:11.966",0,"25203826"
"d295a54a-a1c4-40ab-a632-d65c3884a90c","65e0d73f-b28f-4340-9e12-36a28757d541","2025-08-18 23:37:39.879",4048,"theft"
"39643f4e-147b-4d57-bb9b-f6eb31c0ead4","66f75625-e92d-4055-bc78-78149c0bf4a5","2025-08-19 16:08:12.410",4148,"Stolen Vehicle"
"b94762ec-34ba-4aa7-ad00-835fac140335","66f75625-e92d-4055-bc78-78149c0bf4a5","2025-08-19 16:31:31.364",0,"Daytime search for best result"
"6892ea30-0ffe-4e17-a7f3-35446199e9bd","66f75625-e92d-4055-bc78-78149c0bf4a5","2025-08-19 17:30:45.932",197,"Stolen Vehicle"
"d5cb8ef7-2ed3-42b8-a7b4-778d844dff2c","65e0d73f-b28f-4340-9e12-36a28757d541","2025-08-19 22:03:11.748",4052,"theft"
"7115187a-d442-4067-a47c-1102906e0286","162b0343-b201-4005-b31c-0555bcc14d1c","2025-08-20 01:09:55.935",87134,"25211480"
"c8c418a2-1790-455f-899e-d33a0718edf7","cf20f9c8-a941-45d6-9b26-2e06938f66f6","2025-08-20 01:31:06.270",4056,"investigative"
"52b46a12-675b-4bfb-9478-b9efed4d3505","ad0cce28-c2da-48f5-8a3d-0162e4753757","2025-08-20 06:28:01.206",4056,"stolen vehicle"
"5bf7f437-5c1e-4134-9b2e-85b05d0018f7","ad0cce28-c2da-48f5-8a3d-0162e4753757","2025-08-20 07:34:14.771",4056,"stolen vehicle"
"0288aa63-1d79-4daf-9d16-dfba0a10b2a7","ad0cce28-c2da-48f5-8a3d-0162e4753757","2025-08-20 10:09:42.994",4056,"stolen vehicle"
"69f925b7-43b3-4dd8-b1ed-6835dfa2bfcc","ad0cce28-c2da-48f5-8a3d-0162e4753757","2025-08-20 11:20:13.718",4056,"stolen vehicle"
"9f749624-adb3-4ff5-9a5d-76ce31cf3f36","ad0cce28-c2da-48f5-8a3d-0162e4753757","2025-08-20 12:13:31.644",4056,"stolen vehicle"
"de002f66-f16a-4882-a135-5ab699948d4b","65e0d73f-b28f-4340-9e12-36a28757d541","2025-08-20 16:46:39.290",4057,"theft"
"eddf6b28-ded9-4d94-a7e9-72fe50ac693d","ad0cce28-c2da-48f5-8a3d-0162e4753757","2025-08-20 21:15:25.498",4057,"Stolen vehicle"
"91c6f3e2-d374-4b8e-9674-5758b5ee5e76","ad0cce28-c2da-48f5-8a3d-0162e4753757","2025-08-20 21:17:33.379",0,"stolen vehicle"
"b6987ec4-0acb-4f18-8e80-4f61d28edf11","65e0d73f-b28f-4340-9e12-36a28757d541","2025-08-20 22:03:51.180",4057,"theft"
"d1882498-4e66-41c1-be4b-78a1cb8bbcb2","ad0cce28-c2da-48f5-8a3d-0162e4753757","2025-08-21 00:06:57.087",4057,"stolen vehicle"
"28ca2f75-22ca-44bd-b511-e2b9971075d9","ad0cce28-c2da-48f5-8a3d-0162e4753757","2025-08-21 01:51:52.248",4057,"stolen vehicle"
"2e319bcb-28de-4637-861e-8d0870ccf3ea","ad0cce28-c2da-48f5-8a3d-0162e4753757","2025-08-21 03:07:53.428",4058,"stolen vehicle"
"06ea91a3-2be0-4ea0-bd04-a00a4be857bd","ad0cce28-c2da-48f5-8a3d-0162e4753757","2025-08-21 07:56:32.594",4058,"stolen vehicle"
"6b0ee0d9-cddf-4da0-a30f-653e2334792e","ad0cce28-c2da-48f5-8a3d-0162e4753757","2025-08-21 10:02:38.290",4058,"stolen vehicle"
"a97c806f-b719-4f94-b44f-79df388ed3c3","ad0cce28-c2da-48f5-8a3d-0162e4753757","2025-08-21 12:39:16.337",4058,"stolen vehicle"
"5c55ce1c-ead3-4689-b91f-ac6329b316b3","dd5359fa-ec3a-4655-9dfa-39e6335223fc","2025-08-21 16:30:54.526",4058,"investigative"
"93e8401b-bd3f-4ac4-ad7a-7cc808eea9e4","8eca698f-3008-4022-ae08-06999f3a349a","2025-08-21 19:22:37.106",0,"UUV"
"a30cf46f-1601-4d89-aed1-b01fb8b88ef8","2d4eebd6-c6c8-4d60-8a59-3a622105992c","2025-08-21 19:23:31.792",4058,"VA133G"
"1af2f380-17fa-48c8-a109-0270e3ea9288","5db0b69a-8401-464f-92fe-4364df6a2a82","2025-08-22 01:33:48.485",0,"public indecency"
"1f5f6a89-1199-4592-bb87-5557fae377a1","5db0b69a-8401-464f-92fe-4364df6a2a82","2025-08-22 01:34:50.532",0,"pub ind"
"7c14a8f6-a3d3-4367-8ab6-e489ac2ba37d","fb7d1ae3-db8c-4617-861d-2cf9a117f605","2025-08-22 02:34:41.529",4060,"Pub ind"
"f1128b51-dd4b-42eb-92c8-b216805280e6","ad0cce28-c2da-48f5-8a3d-0162e4753757","2025-08-22 04:33:24.087",4060,"Stolen vehicle"
"db91cfc8-4821-4ffd-b190-a746a37401e9","f676770a-dae8-4a20-babd-c75f9e7cd427","2025-08-22 05:56:59.611",87350,"STOLEN"
"8bc3f2d8-1fda-4198-bec5-aa3979e5181f","f676770a-dae8-4a20-babd-c75f9e7cd427","2025-08-22 07:15:29.417",87350,"STOLEN"
"ca720f16-8fbf-4f8a-9075-74303333ccc9","6d2d86c1-2a38-4fa2-ace4-f91f1c6b8b57","2025-08-22 07:26:25.099",4060,"stolen"
"b0c992d7-296d-4fc8-8efe-b915e74b976a","f676770a-dae8-4a20-babd-c75f9e7cd427","2025-08-22 08:03:01.605",4060,"STOLEN"
"50323291-4762-4274-9300-539ea88b56b1","f676770a-dae8-4a20-babd-c75f9e7cd427","2025-08-22 08:11:41.876",4060,"stolen"
"9b0d0743-d944-44c7-b9e8-702ae081c37c","f676770a-dae8-4a20-babd-c75f9e7cd427","2025-08-22 10:00:18.751",87350,"STOLEN"
"8a66f538-6b3c-4e31-b3be-0e5e3f89d130","f676770a-dae8-4a20-babd-c75f9e7cd427","2025-08-22 11:12:40.181",87352,"STOLEN"
"f19754d1-3bcd-4480-b53c-5d087d5746e5","60e012f5-7340-49d4-aa4e-6a68be107dcf","2025-08-22 12:38:06.259",4060,"stolen"
"01866ffc-d81a-4e03-b00f-bced38c57627","f676770a-dae8-4a20-babd-c75f9e7cd427","2025-08-22 12:40:32.999",1,"stolen"
"8f57b4ef-e54b-4347-8ee2-7b3298a39310","f676770a-dae8-4a20-babd-c75f9e7cd427","2025-08-22 12:59:31.798",4060,"STOLEN"
"2c166881-635f-4432-98a9-8b856cacf89b","60e012f5-7340-49d4-aa4e-6a68be107dcf","2025-08-22 14:42:47.460",4060,"stolen"
"6a8660bb-1cd9-484d-a9ea-7180fe66c31a","fb7d1ae3-db8c-4617-861d-2cf9a117f605","2025-08-22 22:18:14.426",87522,"pub ind"
"ba8a3770-eaf2-48b9-987d-c1d0ed2eda81","fb7d1ae3-db8c-4617-861d-2cf9a117f605","2025-08-23 00:04:15.207",6240,"Pub ind"
"131e6e90-62b8-4474-b6dc-bb0da6881ae3","f676770a-dae8-4a20-babd-c75f9e7cd427","2025-08-23 03:39:20.577",87526,"STOLEN"
"3058ac4d-b98b-4c8e-931f-001cb7ef63b9","f676770a-dae8-4a20-babd-c75f9e7cd427","2025-08-23 03:40:59.128",87526,"STOLEN VEHICLE"
"49c844b9-d20a-4c30-9af3-579232a9911c","f676770a-dae8-4a20-babd-c75f9e7cd427","2025-08-23 04:28:32.551",6240,"suspect"
"46549503-fcf9-4aa0-b0f4-a1b37a9acbf7","f676770a-dae8-4a20-babd-c75f9e7cd427","2025-08-23 04:52:08.578",6240,"stolen"
"2a5485fc-a143-41a7-964f-d35c6e9dc965","f676770a-dae8-4a20-babd-c75f9e7cd427","2025-08-23 05:06:33.346",6240,"stolen"
"0f1c181f-8214-4cf4-a0f8-38b9d4d8547b","6d2d86c1-2a38-4fa2-ace4-f91f1c6b8b57","2025-08-23 08:01:48.158",6240,"elude"
"836659d5-98fb-43a1-b10e-3d2e29195ae3","6d2d86c1-2a38-4fa2-ace4-f91f1c6b8b57","2025-08-23 08:14:37.071",6240,"suspect vehicle"
"b59fc2f1-4215-4fb0-bbd6-8a4c42d47e6c","f676770a-dae8-4a20-babd-c75f9e7cd427","2025-08-23 10:00:42.704",87528,"stolen"
"f7868824-367d-49b1-908e-7d06855a4eb8","f676770a-dae8-4a20-babd-c75f9e7cd427","2025-08-24 03:52:33.636",6240,"SUSPECT VEHICLE"
"e348fc28-541c-4902-ac74-f3c9f549588d","f676770a-dae8-4a20-babd-c75f9e7cd427","2025-08-24 04:19:11.283",6240,"SUSPECT VEHICLE"
"3c0b8739-f1da-4c79-a203-45e0f0e5d501","f676770a-dae8-4a20-babd-c75f9e7cd427","2025-08-24 06:26:45.768",6240,"SUSPECT VEHICLE"
"570e5b0c-a5d0-42f9-83be-7853e2c00ebb","f676770a-dae8-4a20-babd-c75f9e7cd427","2025-08-24 07:45:40.396",6240,"SUSPECT VEHICLE"
"c0e8d135-101c-4a6b-b63a-f62c03afc7d4","f676770a-dae8-4a20-babd-c75f9e7cd427","2025-08-24 07:49:13.118",6240,"STOLEN"
"00946afe-88da-4735-829b-18e4aaa28f8f","f676770a-dae8-4a20-babd-c75f9e7cd427","2025-08-24 09:19:37.416",87556,"duii"
"3fb05781-33e1-4e13-b0e9-aac02c6af2f9","6d2d86c1-2a38-4fa2-ace4-f91f1c6b8b57","2025-08-24 10:00:44.381",6240,"stolen"
"3deb1fd9-d90d-44cb-8ca0-504df30ea9da","f676770a-dae8-4a20-babd-c75f9e7cd427","2025-08-24 10:01:34.081",87556,"SUSPECT VEHICLE"
"9f307c2d-a0e0-46e5-9e57-ff09d386e003","f676770a-dae8-4a20-babd-c75f9e7cd427","2025-08-24 15:00:02.590",87557,"SUSPECT VEHICLE"
"2b5420a8-1629-4a70-b049-15f8d8f2b463","865aaa25-37fd-44f2-8f3d-19f07c199275","2025-08-24 19:59:34.694",6240,"uuv"
"871bc0f1-45fd-41d5-b5d9-a8484cabb0c3","60e012f5-7340-49d4-aa4e-6a68be107dcf","2025-08-25 07:50:37.660",6240,"2505660"
"bcd3c3c0-9c74-48ad-8a92-2a224e8e62ec","afc40c1e-180f-45f1-9033-ad9f7b06ef6c","2025-08-25 08:18:45.959",6240,"theft"
"bda6cec4-c5e1-49be-bb9b-2939ed7a1632","afc40c1e-180f-45f1-9033-ad9f7b06ef6c","2025-08-25 09:02:23.647",6240,"theft 1"
"25101582-8f5c-454b-a122-8c0ba3d6233d","afc40c1e-180f-45f1-9033-ad9f7b06ef6c","2025-08-25 09:38:27.165",30,"theft"
"57bddec6-4ff4-4dfc-a3a3-122ded51c0c5","0e8ecca7-b160-48c7-a4b5-40e903392e23","2025-08-25 15:37:46.066",6240,"Active ATL"
"b01c1458-1490-4e88-9499-b6d52b50d1a8","fb7d1ae3-db8c-4617-861d-2cf9a117f605","2025-08-25 16:25:10.009",87665,"pub ind"
"23c5c913-caeb-419b-b0f5-f980c98298e0","65e0d73f-b28f-4340-9e12-36a28757d541","2025-08-26 17:09:48.667",0,"theft"
"63af8c7a-7120-4d77-842e-379f776f164d","65e0d73f-b28f-4340-9e12-36a28757d541","2025-08-26 17:10:30.304",6240,"assault"
"9ceb516d-1211-469e-a891-01be051ead5d","fb7d1ae3-db8c-4617-861d-2cf9a117f605","2025-08-26 22:49:34.680",6242,"DA inv"
"ff324789-ec4b-4f82-858d-8ac6240a68f0","d6f7ed99-b681-4ed0-b468-5b0c109603c9","2025-08-27 16:22:37.100",6242,"SUSPECT VEH"
"8b167244-7c24-4f15-8283-c7edbd15332b","65e0d73f-b28f-4340-9e12-36a28757d541","2025-08-27 16:50:02.153",6242,"theft"
"d9b0f190-fe90-4cc1-8ee5-404357264e54","fbfa025f-202c-4c60-ae95-9396fc290dd5","2025-08-27 18:17:24.934",6242,"investigation"
"1265a835-4df2-48c1-9b58-aa74b7f46ca0","cf20f9c8-a941-45d6-9b26-2e06938f66f6","2025-08-28 00:12:17.290",6243,"investigative"
"8d7d5013-5a03-4e75-ad73-54ea157a189e","cf20f9c8-a941-45d6-9b26-2e06938f66f6","2025-08-28 17:28:44.589",6245,"invesigative"
"30abfd63-f339-47e1-8e40-e4c0fca5dd4e","dd5359fa-ec3a-4655-9dfa-39e6335223fc","2025-08-28 17:46:13.140",6245,"investigative"
"1ceb875c-01f1-4144-b4a4-25fa95c81167","cf20f9c8-a941-45d6-9b26-2e06938f66f6","2025-08-28 18:00:30.426",6247,"invesigative"
"ddf79ff9-fe26-4475-90ab-72c0f9ec02d5","fbfa025f-202c-4c60-ae95-9396fc290dd5","2025-08-28 19:02:05.467",6247,"investigation"
"3a26e327-2659-429f-9fe7-85292fd53f94","cf20f9c8-a941-45d6-9b26-2e06938f66f6","2025-08-28 19:08:04.013",6247,"invesigative"
"64c2536c-64d6-4443-994c-726875a6b387","fb7d1ae3-db8c-4617-861d-2cf9a117f605","2025-08-28 20:17:03.501",89597,"uuv"
"e86c12cb-bf0c-427a-9655-1c69fc8d9cb8","cf20f9c8-a941-45d6-9b26-2e06938f66f6","2025-08-28 23:32:47.026",6247,"invesigative"